Day;NH4-N ( g m-3)
0;0.08372093
14;0.324418605
28;0.387209302
42;0.244186047
56;0.3
70;0.226744186
