Day;NH4 (g m-3)
0;0.08372093
14;0.289534884
28;0.38372093
42;0.36627907
56;0.376744186
70;0.474418605
