Day;NO3 (g m-3)
0;0.05326087
14;0.065217391
28;0.059782609
42;0.060869565
56;0.066304348
70;0.083695652
