Day;SRP
0;0.032783505
14;0.161443299
28;0.066185567
42;0.012989691
56;0.019175258
70;0.031546392
