Day;SRP (g m-3);SRP (g L-1)
0;0.032783505;3.27835E-05
14;0.099587629;
28;0.086597938;
42;0.020412371;
56;0.024123711;
70;0.024123711;
