Day;TDN (g m-3)
Bar0;0.442553191
Bar1;0.53787234
Bar2;0.503829787
Bar3;0.408510638
Bar4;0.456170213
Bar5;0.674042553
