Day;TDP (g m-3)
Bar0;0.050232558
Bar1;0.126511628
Bar2;0.094263566
Bar3;0.035348837
Bar4;0.041550388
Bar5;0.076899225
