benzene_conc;microbial_conc
0.43715847;64.65625
1.010928962;62.25
2.158469945;43.34375
11.62568306;22.71875
18.03278689;16.53125
24.63114754;10.34375
26.44808743;7.25
36.10655738;4.15625
39.16666667;3.46875
40.40983607;2.09375
41.65300546;1.75
42.22677596;2.09375
42.99180328;1.75
46.05191257;1.75
