DAF;Shoot P content (mg P per plant)
0;35.09641873
5;40.8815427
9;34.7107438
13;26.99724518
18;26.99724518
23;18.51239669
28;12.72727273
